Cash on Account,2014,06,07,16742420
Account Balance,2014,06,07,54912420
Cash on Account,2014,06,08,16742420
Account Balance,2014,06,08,44912420
Cash on Account,2014,06,09,26742420
Account Balance,2014,06,09,35542420
Cash on Account,2014,06,11,36742420
Account Balance,2014,06,11,34912420
Cash on Account,2014,06,12,46742420
Account Balance,2014,06,12,28595484
Cash on Account,2014,06,12,36742420
Account Balance,2014,06,12,14912420
Cash on Account,2014,06,13,25466020
Account Balance,2014,06,13,34912420
