"Trans #","Type","Name","Date","Num","Qty","Item","Item Description","Service","Grade","Sales Price","Fees","Final Sale Price"
"KQueen",,,,,,,,,,,,
"4","Invoice","KQueen","05/29/2014","3",1,"123445 (1883-S Morgan S$1)","1883-S Morgan S$1","NGC","67",420.00,"20.00","520.00"
"4","Invoice","KQueen","05/29/2014","3",1,"54321 (1905 Gold G$1)","1905 Gold G$1","NGC","67",4201.25,"330","5201.25"
"4","Invoice","KQueen","05/29/2014","3",1,"12345 (1908 Barber 10C)","1908 Barber 10C","PCGS","65",8345.00,"95.00","9345.00"
"Total KQueen",,,,,3,,,,,,,
"TOTAL",,,,,3,,,,,,,
